,horizon,utterance_for_r
0,1,Green 2
1,2,Green 2
2,4,Green 2
3,1,Spotted Green
4,4,Green 2
5,4,Green 2
6,1,Spotted Green
7,1,Spotted Green
8,2,Spotted Green
9,1,Striped Green
10,2,Green 2
11,4,Green 2
12,2,Green 2
13,2,Green 2
14,4,Green 2
15,4,Green 2
16,1,Green 2
17,2,Green 2
18,1,Striped Green
19,2,Green 2
20,1,Striped Green
21,4,Green 2
22,4,Green 2
23,1,Spotted Green
24,2,Spotted 1
25,2,Green 2
26,4,Spotted Green
27,1,Spotted 1
28,2,Blue -2
29,4,Green 2
30,4,Green 2
31,1,Green Striped
32,1,Green Spotted
33,2,Green 2
34,4,Green 2
35,2,Spotted 1
36,1,Red Solid
37,1,Red Spotted
38,2,Green 2
39,1,Green Striped
40,1,Green Spotted
41,2,Green 2
42,4,Green 2
43,2,Green 2
44,4,Green 2
45,4,Green 2
46,2,Green 2
47,4,Blue -2
48,4,Green 2
49,1,Red Spotted
50,2,Blue -2
51,2,Blue -2
52,2,Blue -2
53,1,Blue Spotted
54,1,Green Striped
55,4,Green 2
56,1,Green Spotted
57,2,Green Striped
58,1,Green 2
59,1,Green 2
60,2,Blue -2
61,4,Green 2
62,2,Green 2
63,4,Green 2
64,2,Green 2
65,2,Green 2
66,2,Spotted 1
67,2,Green 2
68,1,Green 2
69,4,Green 2
70,2,Green 2
71,4,Spotted 1
72,1,Spotted 1
73,1,Green 2
74,4,Green 2
75,1,Green 2
76,2,Blue -2
77,1,Blue -2
78,1,Spotted 1
79,2,Green 2
80,1,Spotted 1
81,2,Spotted -1
82,4,Green 2
83,2,Spotted 1
84,2,Green Spotted
85,4,Green 2
86,1,Green Striped
87,1,Red Spotted
88,2,Green 2
89,4,Green 2
90,1,Red Spotted
91,2,Green 2
92,1,Red Spotted
93,1,Red Striped
94,4,Green 2
95,1,Green Solid
96,2,Green 2
97,4,Green 2
98,4,Green 2
99,4,Green 2
100,4,Green 2
101,1,Green Striped
102,1,Green Solid
103,2,Green Solid
104,2,Green Spotted
105,1,Red Solid
106,4,Green 2
107,2,Green 2
108,2,Green 2
109,4,Green 2
110,1,Blue Spotted
111,2,Green 2
112,2,Blue -2
113,1,Red Spotted
114,1,Green 2
115,2,Green Spotted
116,2,Red Spotted
117,2,Green 2
118,1,Green 2
119,4,Green 2
120,2,Green 2
121,4,Green Spotted
122,4,Green 2
123,4,Green 2
124,1,Green 2
125,1,Green Spotted
126,2,Spotted 1
127,2,Green Spotted
128,4,Green 2
129,4,Green 2
130,1,Green 2
131,1,Green 2
132,1,Green Spotted
133,1,Green 2
134,2,Green 2
135,1,Red Spotted
136,1,Green 2
137,4,Green 2
138,2,Green 2
139,4,Green 2
140,2,Spotted Green
141,4,Striped Green
142,4,Solid Red
143,2,Striped Green
144,1,Spotted Red
145,4,Spotted Green
146,1,Spotted Green
147,4,Spotted Green
148,4,Striped -1
149,4,Blue -2
150,4,Spotted Blue
151,1,Spotted Green
152,2,Solid Red
153,1,Solid Green
154,4,Striped Red
155,2,Solid Green
156,2,Spotted Green
157,1,Solid Red
158,2,Solid Green
159,1,Spotted Red
160,1,Striped Green
161,2,Solid Red
162,4,Solid Green
163,1,Spotted Red
164,1,Striped Green
165,2,Spotted Green
166,2,Solid Green
167,4,Solid Green
168,1,Solid Green
169,1,Spotted Green
170,4,Green 2
171,2,Spotted Green
172,1,Blue -2
173,2,Spotted Green
174,4,Blue -2
175,1,Striped Green
176,4,Green 2
177,2,Solid Green
178,2,Spotted Green
179,1,Spotted Green
180,2,Solid Green
181,2,Spotted Green
182,1,Spotted Green
183,1,Spotted Red
184,4,Green 2
185,1,Striped Green
186,4,Green 2
187,2,Spotted Green
188,1,Spotted Green
189,4,Blue -2
190,2,Solid Green
191,1,Spotted Green
192,4,Green 2
193,4,Green 2
194,2,Spotted Green
195,4,Green 2
196,2,Green 2
197,4,Spotted 1
198,2,Green 2
199,2,Striped -1
200,1,Spotted 1
201,1,Striped -1
202,2,Striped -1
203,2,Striped -1
204,1,Striped -1
205,2,Green 2
206,4,Green 2
207,1,Striped -1
208,1,Striped -1
209,4,Blue -2
210,4,Green 2
211,4,Spotted 1
212,2,Green 2
213,1,Green 2
214,4,Green 2
215,1,Green 2
216,4,Green 2
217,2,Green 2
218,1,Spotted -1
219,1,Spotted 1
220,4,Spotted 1
221,4,Spotted 1
222,2,Green 2
223,2,Green 2
224,2,Spotted 1
225,1,Solid Green
226,4,Green 2
227,1,Spotted Green
228,2,Solid Green
229,1,Blue -2
230,2,Blue -2
231,1,Spotted Green
232,4,Blue -2
233,2,Green 2
234,2,Solid Green
235,1,Spotted Green
236,2,Spotted Green
237,4,Spotted Green
238,4,Spotted Green
239,4,Spotted Green
240,4,Green 2
241,4,Blue -2
242,2,Striped Green
243,1,Blue -2
244,2,Spotted Green
245,4,Spotted Green
246,1,Spotted Green
247,1,Spotted Green
248,2,Spotted Green
249,4,Green 2
250,1,Blue -2
251,1,Blue -2
252,1,Striped -1
253,4,Green Spotted
254,2,Green Solid
255,2,Green Spotted
256,4,Green Solid
257,1,Green 2
258,4,Green Solid
259,1,Spotted 2
260,1,Green 2
261,2,Green 2
262,4,Spotted 2
263,1,Green 2
264,1,Green Spotted
265,2,Green Solid
266,1,Green Spotted
267,2,Green Spotted
268,4,Striped -1
269,2,Green Solid
270,4,Green 2
271,2,Red Solid
272,1,Green Spotted
273,4,Spotted 1
274,4,Green 2
275,4,Striped -1
276,2,Green Spotted
277,4,Spotted 1
278,1,Green Solid
279,2,Red Spotted
280,2,Green Spotted
281,4,Green 2
282,1,Green Solid
283,2,Green Spotted
284,1,Green Solid
285,1,Striped -1
286,4,Spotted 1
287,2,Blue -2
288,4,Green 2
289,4,Green 2
290,1,Red Spotted
291,4,Spotted 1
292,4,Green 2
293,1,Blue Spotted
294,2,Green 2
295,1,Red Solid
296,1,Green Spotted
297,2,Blue -2
298,1,Green Spotted
299,2,Green 2
300,2,Blue -2
301,4,Blue -2
302,4,Blue -2
303,4,Green 2
304,1,Green Spotted
305,2,Green 2
306,1,Green Solid
307,4,Blue -2
308,1,Green Spotted
309,1,Red Solid
310,4,Green 2
311,1,Green Solid
312,2,Green 2
313,2,Green 2
314,2,Blue -2
315,2,Green 2
316,2,Green 2
317,4,Striped -1
318,4,Green 2
319,4,Green 2
320,2,Blue -2
321,1,Green Solid
322,4,Spotted 1
323,4,Striped -1
324,4,Green 2
325,1,Green Striped
326,2,Spotted 1
327,2,Green 2
328,4,Spotted 1
329,1,Green Spotted
330,2,Spotted 1
331,1,Green Solid
332,1,Green Solid
333,1,Green Spotted
334,4,Spotted 1
335,1,Red Spotted
336,2,Green 2
337,1,Green 2
338,4,Green 2
339,1,Green 2
340,4,Green 2
341,1,Green 2
342,4,Green 2
343,4,Blue -2
344,2,Green 2
345,2,Striped Green
346,2,Spotted Green
347,4,Green 2
348,2,Green 2
349,2,Spotted Green
350,4,Blue -2
351,2,Green 2
352,1,Green 2
353,2,Spotted Green
354,4,Green 2
355,1,Striped Green
356,1,Spotted Green
357,4,Green 2
358,2,Green 2
359,1,Solid Green
360,2,Spotted Green
361,4,Green 2
362,1,Solid Green
363,1,Spotted Red
364,2,Green 2
365,2,Green 2
366,4,Green Spotted
367,4,Spotted 1
368,4,Green Spotted
369,2,Green 2
370,1,Green Striped
371,1,Green Spotted
372,1,Green Spotted
373,1,Green Spotted
374,2,Green 2
375,4,Green 2
376,2,Green 2
377,1,Green Spotted
378,4,Green 2
379,4,Green 2
380,4,Green 2
381,4,Green 2
382,1,Green Spotted
383,1,Green Spotted
384,1,Red Spotted
385,2,Green 2
386,2,Green Spotted
387,2,Green 2
388,2,Blue -2
389,2,Green 2
390,1,Green Solid
391,4,Green 2
392,2,Blue -2
393,1,Green Solid
394,2,Green 2
395,4,Green 2
396,4,Green 2
397,1,Red Spotted
398,2,Blue -2
399,2,Spotted 1
400,2,Green 2
401,4,Green 2
402,1,Green Spotted
403,4,Green 2
404,1,Green Spotted
405,4,Blue -2
406,2,Blue -2
407,1,Green Solid
408,4,Blue -2
409,4,Blue -1
410,4,Green 2
411,2,Green 2
412,1,Red Solid
413,2,Blue -1
414,1,Green Striped
415,1,Green Spotted
416,2,Green 2
417,2,Green 2
418,4,Spotted 1
419,2,Green 2
420,2,Green Spotted
421,1,Blue -1
422,1,Blue -2
423,1,Green 2
424,4,Blue -2
425,4,Blue -2
426,1,Green Solid
427,1,Green Solid
428,4,Blue -2
429,1,Green Solid
430,1,Green Solid
431,1,Red Spotted
432,2,Blue -2
433,4,Green 2
434,2,Green 2
435,2,Blue -2
436,1,Blue -2
437,2,Blue -2
438,4,Blue -2
439,2,Striped -1
440,2,Green 2
441,1,Striped -2
442,4,Green 2
443,4,Blue -2
444,2,Blue -2
445,2,Blue -2
446,4,Blue -2
447,4,Blue -2
448,1,Spotted Green
449,1,Striped Green
450,4,Solid Green
451,4,Spotted Green
452,2,Solid Red
453,1,Spotted Red
454,2,Solid Red
455,4,Solid Green
456,2,Spotted Green
457,2,Spotted Green
458,2,Spotted Red
459,4,Solid Green
460,4,Solid Green
461,2,Solid Green
462,4,Spotted Green
463,1,Solid Green
464,2,Solid Green
465,4,Spotted Red
466,1,Solid Green
467,1,Striped Green
468,2,Spotted Red
469,1,Spotted Green
470,1,Solid Green
471,4,Striped Green
472,1,Solid Green
473,4,Solid Red
474,2,Solid Green
475,2,Spotted Green
476,2,Spotted 2
477,1,Green 1
478,2,Spotted 1
479,2,Green 2
480,1,Spotted 2
481,2,Green 1
482,2,Striped -2
483,4,Red Spotted
484,2,Green Solid
485,4,Green 2
486,4,Green Solid
487,1,Striped -2
488,1,Blue Spotted
489,1,Green Spotted
490,2,Green Spotted
491,2,Green 2
492,1,Red Solid
493,2,Red Striped
494,4,Green Striped
495,1,Red Spotted
496,1,Red Solid
497,4,Green Spotted
498,4,Green 2
499,1,Spotted 1
500,4,Green 2
501,2,Green 2
502,1,Green Striped
503,4,Green 2
504,4,Blue -2
505,2,Blue -2
506,2,Green Spotted
507,1,Striped -1
508,2,Blue -2
509,1,Green Spotted
510,1,Blue -2
511,4,Blue -2
512,1,Blue -2
513,2,Green Striped
514,4,Green Spotted
515,1,Red Spotted
516,4,Blue -2
517,2,Blue -2
518,1,Green Solid
519,4,Blue -2
520,4,Green Spotted
521,4,Blue -2
522,1,Blue -2
523,4,Blue -2
524,4,Green Spotted
525,2,Blue -2
526,2,Green 2
527,2,Blue -2
528,4,Green Spotted
529,1,Blue -2
530,1,Green Spotted
531,2,Green 2
532,1,Green Spotted
533,1,Green Spotted
534,4,Blue -2
535,2,Blue -2
536,2,Green 2
537,4,Blue -2
538,1,Green Striped
539,2,Green 2
540,4,Green 2
541,4,Blue -2
542,4,Blue -2
543,2,Blue -2
544,2,Green 2
545,1,Green Spotted
546,1,Red Spotted
547,4,Blue -2
548,4,Blue -2
549,1,Green Solid
550,1,Blue -2
551,2,Spotted 1
552,4,Blue -2
553,1,Green Solid
554,2,Green 2
555,4,Blue -2
556,1,Red Spotted
557,2,Blue -2
558,1,Red Solid
559,2,Green 2
560,1,Green Spotted
561,4,Green Solid
562,4,Green 2
563,1,Red Spotted
564,1,Green 2
565,1,Blue -2
566,1,Green Striped
567,2,Green 2
568,4,Spotted 1
569,1,Green Solid
570,2,Green 2
571,2,Red Spotted
572,1,Blue -2
573,4,Blue -2
574,1,Green Spotted
575,2,Green 2
576,4,Green Solid
577,4,Green 2
578,2,Green Spotted
579,4,Blue -2
580,2,Blue -2
581,4,Green Solid
582,2,Red Spotted
583,1,Green 2
584,1,Red Solid
585,4,Blue -2
586,2,Green 2
587,2,Green 2
588,4,Blue -2
589,2,Green 2
590,1,Green 2
591,4,Spotted 1
592,2,Spotted 1
593,4,Striped -1
594,1,Blue -2
595,2,Green 2
596,4,Spotted 1
597,4,Green 2
598,4,Striped -1
599,4,Spotted 1
600,2,Green 2
601,4,Blue -2
602,2,Blue -2
603,2,Striped -1
604,1,Solid Red
605,1,Solid Green
606,1,Solid Green
607,1,Solid Green
608,1,Solid Green
609,2,Spotted Red
610,2,Solid Green
611,4,Green 2
612,1,Blue -2
613,1,Solid Green
614,2,Striped Green
615,2,Spotted 1
616,4,Spotted Green
617,2,Solid Green
618,1,Spotted 1
619,1,Spotted Red
620,1,Blue -1
621,4,Green 2
622,1,Striped -2
623,4,Blue -1
624,4,Spotted Green
625,4,Spotted Green
626,1,Striped -1
627,1,Spotted Green
628,2,Green 2
629,2,Green 1
630,4,Spotted Green
631,1,Spotted -1
632,2,Spotted Green
633,2,Blue -2
634,2,Green 1
635,2,Green 1
636,4,Spotted Red
637,1,Striped -1
638,1,Green 1
639,4,Spotted Green
640,4,Blue -2
641,2,Blue -2
642,2,Green 2
643,2,Green 2
644,2,Green 2
645,4,Spotted Green
646,4,Green 2
647,1,Solid Red
648,1,Spotted Green
649,4,Green 2
650,2,Green 2
651,4,Green 2
652,1,Solid Red
653,4,Green 2
654,1,Solid Red
655,2,Green 2
656,1,Spotted Red
657,1,Striped Green
658,4,Green 2
659,2,Green 2
660,4,Green 2
661,4,Green 2
662,2,Spotted Green
663,2,Green 2
664,2,Green 2
665,1,Solid Blue
666,1,Spotted Red
667,4,Green 2
668,1,Spotted Green
669,2,Green 2
670,1,Striped Red
671,2,Green 2
672,2,Spotted Red
673,2,Green 2
674,1,Spotted -1
675,4,Striped 1
676,4,Spotted Green
677,4,Spotted Green
678,2,Blue -2
679,4,Striped Green
680,2,Solid Green
681,1,Spotted 1
682,1,Solid Green
683,4,Blue -2
684,4,Solid Red
685,1,Blue -2
686,1,Green 2
687,4,Striped Green
688,1,Spotted Green
689,2,Striped Green
690,2,Spotted Green
691,2,Striped Green
692,4,Spotted Green
693,1,Blue -2
694,2,Blue -2
695,4,Striped Green
696,1,Solid Green
697,2,Blue -2
698,1,Solid Green
699,4,Solid Green
700,4,Spotted 1
701,4,Spotted 1
702,2,Spotted 1
703,1,Spotted Green
704,2,Green 2
705,1,Spotted Green
706,4,Spotted 1
707,4,Spotted 1
708,1,Striped Green
709,2,Green 2
710,1,Spotted Red
711,1,Spotted Green
712,2,Green 2
713,1,Solid Green
714,2,Green 2
715,1,Striped Green
716,4,Spotted 1
717,1,Spotted Green
718,4,Green 2
719,1,Spotted Green
720,2,Green 2
721,1,Spotted Green
722,1,Spotted Red
723,2,Green 2
724,2,Spotted 1
725,2,Green 2
726,4,Spotted 1
727,4,Spotted 1
728,4,Spotted Green
729,4,Spotted Green
730,2,Spotted Green
731,1,Solid Green
732,2,Blue -2
733,1,Spotted Red
734,2,Blue -2
735,1,Solid Green
736,1,Spotted Green
737,2,Blue -2
738,2,Green 2
739,2,Green 2
740,4,Spotted Green
741,2,Blue -2
742,4,Green 2
743,4,Green 2
744,4,Blue -2
745,4,Green 2
746,1,Solid Green
747,1,Solid Green
748,2,Blue -2
749,1,Blue -2
750,1,Spotted Green
751,2,Green 2
752,4,Blue -2
753,4,Green 2
754,1,Spotted Green
755,1,Solid Green
756,4,Green 2
757,2,Striped -1
758,2,Blue -2
759,1,Solid Green
760,4,Striped -1
761,1,Solid Green
762,4,Blue -2
763,2,Blue -2
764,1,Spotted Green
765,2,Blue -2
766,2,Blue -2
767,1,Spotted Red
768,4,Blue -2
769,4,Green 2
770,4,Green 2
771,1,Spotted Green
772,2,Green 2
773,1,Spotted Green
774,4,Blue -2
775,4,Blue -2
776,1,Spotted Green
777,1,Spotted Green
778,2,Green 2
779,4,Striped -1
780,4,Green 2
781,2,Blue -2
782,2,Blue -2
783,1,Spotted Green
784,4,Green 2
785,2,Spotted 1
786,4,Green 2
787,2,Blue -2
788,1,Blue -2
789,1,Striped -1
790,2,Spotted Green
791,2,Spotted Green
792,2,Spotted 1
793,4,Green 1
794,1,Green 2
795,4,Striped -1
796,4,Spotted Green
797,1,Spotted 1
798,1,Spotted 1
799,2,Striped -1
800,4,Blue -2
801,2,Spotted Green
802,1,Spotted Green
803,4,Blue -2
804,2,Blue -2
805,1,Solid Green
806,1,Striped -1
807,2,Spotted 1
808,4,Green 2
809,1,Striped 1
810,4,Spotted Green
811,4,Spotted 1
812,1,Green Spotted
813,1,Red Spotted
814,2,Green 2
815,2,Green 2
816,2,Blue -2
817,1,Green Spotted
818,1,Green Solid
819,2,Green 2
820,1,Green Solid
821,4,Blue -2
822,2,Green Spotted
823,4,Green 2
824,4,Blue -2
825,4,Blue -2
826,1,Green Solid
827,4,Blue -2
828,2,Green 2
829,1,Red Solid
830,1,Red Spotted
831,4,Blue -2
832,4,Green 2
833,2,Green Solid
834,1,Green Solid
835,4,Blue -2
836,1,Green Spotted
837,4,Blue -2
838,2,Green 2
839,2,Spotted 1
840,1,Striped Green
841,1,Spotted 1
842,1,Spotted 1
843,4,Solid Green
844,4,Spotted Red
845,4,Green 2
846,4,Spotted 1
847,2,Solid Green
848,2,Solid Red
849,2,Spotted Green
850,4,Striped 1
851,1,Striped Green
852,2,Striped Red
853,2,Green 2
854,1,Solid Green
855,4,Spotted 1
856,4,Striped Green
857,2,Spotted 1
858,2,Green 2
859,2,Spotted -2
860,1,Blue -2
861,2,Spotted Green
862,4,Spotted Green
863,4,Green 2
864,1,Striped -2
865,1,Spotted -1
866,1,Spotted Green
867,2,Green 1
868,1,Green 2
869,4,Green 1
870,1,Spotted Red
871,4,Striped Green
872,4,Green 2
873,1,Solid Green
874,1,Solid Green
875,2,Spotted 1
876,1,Solid Green
877,2,Green 2
878,4,Striped -1
879,4,Blue -2
880,4,Blue -2
881,4,Blue -2
882,2,Green 2
883,2,Green 2
884,4,Blue -2
885,1,Green 2
886,1,Spotted Green
887,2,Green 2
888,2,Green 2
889,1,Solid Green
890,2,Spotted 1
891,1,Spotted Green
892,2,Green 2
893,2,Green 2
894,2,Green 2
895,4,Striped -1
896,4,Green 2
897,2,Red Spotted
898,2,Green 2
899,4,Green 2
900,2,Green 2
901,1,Green Solid
902,4,Green 2
903,2,Green 2
904,4,Green 2
905,1,Green Spotted
906,4,Green 2
907,1,Green Striped
908,2,Green 2
909,1,Green Striped
910,4,Green 2
911,4,Blue -2
912,4,Green 2
913,2,Green 2
914,2,Green Spotted
915,2,Green 2
916,1,Green Solid
917,1,Red Spotted
918,2,Green 2
919,1,Green Spotted
920,1,Green Spotted
921,1,Green Spotted
922,4,Green 2
923,4,Green 2
924,4,Spotted Green
925,4,Solid Green
926,4,Solid Green
927,4,Striped Green
928,2,Solid Red
929,1,Solid Green
930,4,Solid Green
931,1,Striped Green
932,2,Solid Red
933,2,Solid Green
934,2,Spotted Green
935,1,Striped Green
936,1,Striped Red
937,4,Solid Green
938,2,Striped Green
939,1,Striped Green
940,4,Spotted Red
941,1,Spotted Red
942,2,Spotted Red
943,2,Solid Red
944,4,Spotted Green
945,1,Spotted Green
946,4,Striped Red
947,1,Spotted Blue
948,4,Spotted Green
949,1,Spotted Green
950,2,Spotted Green
951,2,Spotted Red
952,1,Solid Green
953,4,Blue -2
954,1,Spotted Green
955,4,Blue -2
956,2,Green 2
957,2,Spotted 1
958,1,Solid Green
959,2,Blue -2
960,2,Blue -2
961,1,Spotted Green
962,2,Blue -2
963,2,Green 2
964,4,Blue -2
965,1,Spotted Green
966,1,Solid Green
967,1,Solid Green
968,2,Blue -2
969,1,Spotted Red
970,4,Blue -2
971,4,Blue -2
972,4,Blue -2
973,4,Blue -2
974,2,Blue -2
975,4,Blue -2
976,4,Blue -2
977,2,Blue -2
978,1,Striped Green
979,1,Spotted Green
980,1,Green 2
981,1,Blue -2
982,1,Blue -2
983,1,Spotted Green
984,4,Green 2
985,1,Blue -2
986,2,Spotted Green
987,1,Blue -2
988,2,Blue -2
989,4,Green 2
990,4,Blue -2
991,4,Green 2
992,2,Spotted Green
993,2,Spotted Green
994,4,Green 2
995,1,Spotted Green
996,4,Green 2
997,1,Solid Green
998,2,Solid Green
999,2,Spotted Green
1000,2,Striped Green
1001,4,Green 2
1002,4,Green 2
1003,2,Solid Green
1004,2,Striped Green
1005,4,Spotted Green
1006,1,Striped Red
1007,1,Spotted Green
1008,2,Green Spotted
1009,2,Green 2
1010,2,Green 2
1011,1,Green 2
1012,1,Green Spotted
1013,4,Blue -2
1014,1,Green 2
1015,2,Green 2
1016,4,Blue -2
1017,2,Green 2
1018,4,Blue -2
1019,2,Spotted 2
1020,1,Green Solid
1021,4,Green 2
1022,4,Striped -2
1023,1,Green Solid
1024,4,Green 2
1025,1,Green Spotted
1026,4,Green 2
1027,1,Green Striped
1028,4,Blue -2
1029,1,Green Spotted
1030,1,Red Striped
1031,2,Striped -1
1032,4,Striped -1
1033,1,Green Solid
1034,2,Striped -1
1035,1,Red Solid
1036,2,Green Spotted
1037,4,Green 2
1038,4,Green 2
1039,4,Green 2
1040,1,Green Solid
1041,2,Green 2
1042,4,Green 2
1043,2,Blue -2
1044,1,Red Spotted
1045,1,Green Striped
1046,1,Green Solid
1047,2,Green Spotted
1048,2,Green Spotted
1049,4,Blue -2
1050,1,Green Spotted
1051,4,Green 2
1052,1,Green Spotted
1053,2,Blue -2
1054,4,Blue -2
1055,1,Red Spotted
1056,4,Green 2
1057,1,Red Spotted
1058,2,Green Spotted
1059,1,Green Spotted
1060,1,Green Spotted
1061,2,Green 2
1062,2,Green 2
1063,1,Red Spotted
1064,4,Green Spotted
1065,1,Green 2
1066,1,Green 2
1067,1,Green 2
1068,4,Green 2
1069,4,Green 2
1070,2,Spotted 1
1071,4,Green 2
1072,2,Green 2
1073,1,Green Spotted
1074,1,Green Spotted
1075,4,Green 2
1076,2,Green Spotted
1077,2,Green Solid
1078,2,Green Solid
1079,4,Spotted 1
1080,1,Green Spotted
1081,2,Green Spotted
1082,1,Green Spotted
1083,4,Green 2
1084,2,Green Striped
1085,1,Red Spotted
1086,2,Green Striped
1087,2,Green Solid
1088,1,Green Solid
1089,4,Spotted 1
1090,1,Green Striped
1091,4,Green 2
1092,2,Green 2
1093,1,Green 2
1094,1,Spotted 1
1095,1,Green 2
1096,2,Green 2
1097,4,Spotted 1
1098,2,Green 2
1099,4,Spotted 1
1100,4,Green 2
1101,4,Green 2
1102,1,Striped -1
1103,4,Green 2
1104,4,Blue -2
1105,2,Spotted 1
1106,1,Green 2
1107,1,Spotted 1
1108,2,Green 2
1109,1,Green 2
1110,4,Spotted 1
1111,2,Blue -2
1112,2,Blue -2
1113,4,Green 2
1114,2,Green 2
1115,4,Striped -1
1116,1,Blue -2
1117,4,Green 2
1118,2,Striped -1
1119,1,Green 2
1120,4,Green 2
1121,2,Spotted 1
1122,1,Green 2
1123,2,Green 2
1124,4,Spotted 1
1125,1,Spotted 1
1126,4,Striped -1
1127,4,Spotted Green
1128,1,Green 1
1129,2,Green 2
1130,2,Solid Green
1131,2,Spotted Green
1132,4,Green 2
1133,4,Solid Red
1134,2,Blue -2
1135,2,Green 2
1136,4,Blue -2
1137,1,Green 2
1138,1,Blue -2
1139,1,Spotted 1
1140,4,Spotted Red
1141,1,Spotted Green
1142,1,Spotted Red
1143,2,Blue -2
1144,2,Solid Green
1145,4,Striped -1
1146,1,Spotted Green
1147,2,Blue -2
1148,1,Solid Green
1149,2,Green 2
1150,2,Green 2
1151,1,Spotted Green
1152,2,Green 2
1153,2,Blue -2
1154,4,Blue -2
1155,1,Striped Green
1156,4,Blue -2
1157,1,Solid Green
1158,2,Green 2
1159,4,Green 2
1160,2,Green 2
1161,2,Blue -2
1162,1,Spotted Green
1163,1,Striped Green
1164,4,Green 2
1165,4,Green 2
1166,2,Blue -2
1167,1,Solid Red
1168,4,Green 2
1169,1,Spotted Red
1170,4,Green 2
1171,4,Green 2
1172,1,Solid Green
1173,4,Green 2
1174,4,Blue -2
1175,2,Green 2
1176,1,Striped -1
1177,2,Striped -1
1178,1,Striped -1
1179,4,Green Spotted
1180,1,Spotted 1
1181,1,Green Spotted
1182,4,Green Spotted
1183,4,Green Spotted
1184,2,Green Spotted
1185,1,Blue -2
1186,1,Striped -1
1187,2,Green Spotted
1188,4,Blue -2
1189,1,Green Spotted
1190,1,Green Spotted
1191,2,Green Spotted
1192,4,Striped -1
1193,1,Striped -1
1194,4,Green Spotted
1195,4,Green Spotted
1196,4,Green Spotted
1197,1,Striped -1
1198,2,Green Spotted
1199,4,Spotted 1
1200,2,Green 2
1201,4,Green Spotted
1202,4,Green Spotted
1203,1,Green 2
1204,2,Green 2
1205,1,Green 2
1206,4,Spotted Green
1207,2,Blue -2
1208,4,Spotted Green
1209,1,Spotted Green
1210,1,Green 2
1211,2,Spotted Green
1212,4,Green 2
1213,2,Green 2
1214,1,Green 2
1215,2,Green 2
1216,1,Spotted Green
1217,1,Spotted Green
1218,1,Green 2
1219,4,Green 2
1220,2,Green 2
1221,1,Green 2
1222,4,Spotted Green
1223,4,Green 2
1224,1,Green 2
1225,2,Green 2
1226,4,Green 2
1227,2,Spotted Green
1228,1,Green 2
1229,2,Spotted Green
1230,4,Green 2
1231,1,Green 2
1232,1,Spotted Green
1233,4,Green 2
1234,1,Solid Green
1235,2,Green 2
1236,4,Green 2
1237,2,Spotted 1
1238,4,Green 2
1239,1,Spotted Green
1240,2,Green 2
1241,2,Green 2
1242,4,Green 2
1243,2,Green 2
1244,1,Spotted Green
1245,1,Spotted Green
1246,4,Green 2
1247,1,Solid Green
1248,2,Green 2
1249,4,Green 2
1250,2,Green 2
1251,2,Green 2
1252,2,Green 2
1253,1,Spotted Green
1254,4,Green 2
1255,4,Green 2
1256,1,Spotted Red
1257,4,Green 2
1258,2,Spotted Green
1259,1,Solid Green
1260,2,Spotted 2
1261,1,Striped Red
1262,2,Solid Red
1263,4,Spotted 2
1264,1,Green 2
1265,4,Spotted Green
1266,1,Spotted Green
1267,2,Green 2
1268,4,Green 2
1269,1,Blue -2
1270,1,Green 2
1271,2,Green 2
1272,2,Spotted 1
1273,2,Green 2
1274,2,Green 2
1275,1,Green 2
1276,4,Green 2
1277,4,Green 2
1278,4,Blue -2
1279,2,Spotted Green
1280,1,Spotted Green
1281,2,Green 2
1282,2,Spotted Green
1283,4,Blue -2
1284,2,Spotted Green
1285,4,Blue -2
1286,4,Blue -2
1287,1,Green 2
1288,1,Red Spotted
1289,4,Green 2
1290,4,Green 2
1291,2,Green 2
1292,4,Green 2
1293,2,Blue -2
1294,2,Green 2
1295,1,Blue -2
1296,4,Green 2
1297,4,Blue -2
1298,2,Green 2
1299,2,Green 2
1300,2,Blue -2
1301,4,Green 2
1302,1,Blue -2
1303,1,Striped -1
1304,2,Green 2
1305,4,Blue -2
1306,1,Green 2
1307,4,Blue -2
1308,1,Green 2
1309,1,Blue -2
1310,4,Green 2
1311,2,Green 2
1312,2,Blue -2
1313,4,Green 2
1314,1,Green 2
1315,1,Blue -2
1316,1,Red Solid
1317,1,Green 2
1318,2,Green 2
1319,4,Blue -2
1320,2,Blue -2
1321,2,Striped -1
1322,4,Blue -2
1323,1,Green Spotted
1324,4,Green 2
1325,2,Green Spotted
1326,4,Green 2
1327,4,Green 2
1328,1,Red Spotted
1329,4,Green 2
1330,1,Green Striped
1331,2,Green 2
1332,1,Green Striped
1333,4,Green 2
1334,4,Blue -2
1335,1,Red Solid
1336,2,Green 2
1337,1,Green Spotted
1338,2,Spotted 1
1339,4,Green 2
1340,1,Red Spotted
1341,2,Green 2
1342,2,Green 2
1343,4,Spotted 1
1344,2,Spotted Green
1345,1,Spotted Green
1346,4,Spotted Green
1347,4,Solid Green
1348,4,Spotted Red
1349,2,Spotted Red
1350,1,Solid Green
1351,4,Spotted 1
1352,2,Spotted Green
1353,4,Spotted Green
1354,4,Green 2
1355,1,Spotted Green
1356,4,Spotted Green
1357,2,Spotted 1
1358,2,Solid Red
1359,2,Spotted Green
1360,1,Solid Green
1361,1,Striped -1
1362,4,Spotted Green
1363,4,Green 2
1364,1,Spotted Red
1365,2,Spotted Green
1366,1,Spotted Green
1367,2,Blue -2
1368,4,Spotted Green
1369,1,Blue -2
1370,1,Spotted Green
1371,2,Spotted Green
1372,4,Spotted 1
1373,1,Red Solid
1374,1,Green Solid
1375,1,Red Solid
1376,2,Spotted 1
1377,4,Striped -1
1378,2,Spotted 1
1379,1,Green Solid
1380,2,Green Solid
1381,4,Green 2
1382,1,Red Solid
1383,2,Green Solid
1384,4,Red Spotted
1385,2,Green 2
1386,4,Striped -1
1387,1,Green Spotted
1388,4,Green Solid
1389,2,Spotted 1
1390,2,Green Striped
1391,4,Green Solid
1392,1,Green Striped
1393,1,Red Spotted
1394,4,Green Spotted
1395,2,Blue -2
1396,4,Green Spotted
1397,1,Green Spotted
1398,2,Green Spotted
1399,4,Green Spotted
1400,4,Blue -2
1401,1,Blue -2
1402,1,Blue -2
1403,2,Green 2
1404,1,Green 2
1405,1,Green 2
1406,2,Red Striped
1407,4,Green Striped
1408,4,Blue -2
1409,4,Blue -2
1410,2,Blue -2
1411,2,Blue -2
1412,1,Green Spotted
1413,4,Green Striped
1414,4,Blue -2
1415,1,Blue -2
1416,4,Green 2
1417,1,Green Spotted
1418,2,Green 2
1419,2,Green 2
1420,4,Blue -2
1421,1,Red Spotted
1422,2,Blue -1
1423,1,Green Spotted
1424,4,Blue -2
1425,2,Red Spotted
1426,1,Green 2
1427,2,Green 2
1428,2,Spotted 1
1429,1,Green Solid
1430,4,Spotted 1
1431,2,Red Spotted
1432,4,Striped -1
1433,1,Red Solid
1434,4,Striped -1
1435,4,Striped -1
1436,4,Blue -2
1437,4,Green 2
1438,2,Spotted 1
1439,1,Green Solid
1440,1,Green Spotted
1441,4,Spotted 1
1442,1,Red Solid
1443,4,Spotted 1
1444,2,Green Solid
1445,2,Green Spotted
1446,2,Green Spotted
1447,4,Green 2
1448,4,Green 2
1449,1,Green Solid
1450,1,Green Solid
1451,1,Red Spotted
1452,1,Green Striped
1453,2,Green Spotted
1454,2,Green Solid
1455,2,Green Solid
1456,2,Spotted 1
1457,2,Green 2
1458,1,Spotted Green
1459,4,Spotted 1
1460,1,Striped Green
1461,2,Spotted Green
1462,2,Spotted Green
1463,1,Green 2
1464,4,Solid Green
1465,1,Spotted Green
1466,1,Solid Red
1467,4,Spotted 1
1468,2,Spotted 1
1469,4,Green 2
1470,1,Spotted Green
1471,4,Green 2
1472,1,Solid Green
1473,1,Solid Green
1474,4,Solid Green
1475,1,Spotted Green
1476,4,Green 2
1477,4,Solid Green
1478,2,Spotted Red
1479,2,Solid Red
1480,4,Spotted Green
1481,2,Spotted Green
1482,2,Solid Green
1483,2,Green 2
1484,2,Green 2
1485,1,Red Spotted
1486,4,Blue -2
1487,4,Green 2
1488,2,Green 2
1489,2,Green 2
1490,1,Green Spotted
1491,4,Green 2
1492,2,Blue -2
1493,1,Green Spotted
1494,1,Green Striped
1495,1,Red Striped
1496,4,Blue -2
1497,1,Red Solid
1498,4,Spotted 1
1499,1,Red Spotted
1500,2,Green 2
1501,2,Green 2
1502,2,Green 2
1503,4,Green 2
1504,1,Green Striped
1505,2,Blue -2
1506,4,Green 2
1507,4,Blue -2
1508,1,Green Striped
1509,1,Green Solid
1510,4,Blue -2
1511,2,Green 2
1512,4,Green Spotted
1513,2,Green Spotted
1514,1,Green Solid
1515,4,Green 2
1516,1,Red Spotted
1517,1,Red Solid
1518,2,Green 2
1519,2,Green 2
1520,2,Green 2
1521,2,Green 2
1522,2,Green 2
1523,4,Blue -2
1524,1,Green Solid
1525,1,Red Solid
1526,2,Blue -2
1527,1,Red Spotted
1528,1,Green Spotted
1529,1,Green Striped
1530,2,Green 2
1531,1,Green Solid
1532,2,Blue -2
1533,4,Green 2
1534,1,Green Solid
1535,4,Blue -2
1536,4,Green 2
1537,4,Blue -2
1538,1,Blue Spotted
1539,2,Blue -2
1540,4,Green 2
1541,2,Green 2
1542,1,Green Solid
1543,2,Green 2
1544,2,Green 2
1545,4,Blue -2
1546,2,Green 2
1547,4,Blue -2
1548,1,Green 2
1549,4,Striped -1
1550,2,Green 2
1551,2,Green 2
1552,2,Striped -1
1553,1,Green Solid
1554,2,Green 2
1555,1,Red Solid
1556,1,Red Solid
1557,2,Blue -2
1558,1,Red Striped
1559,2,Blue -2
1560,4,Blue -2
1561,4,Striped -2
1562,1,Green Spotted
1563,1,Red Spotted
1564,4,Blue -2
1565,4,Green 2
1566,1,Green Solid
1567,1,Green Spotted
1568,4,Green 2
1569,2,Green 2
1570,1,Red Solid
1571,4,Green Spotted
1572,2,Green Solid
1573,2,Green Spotted
1574,2,Green 2
1575,4,Striped -1
1576,2,Striped -1
1577,2,Green 2
1578,2,Green 2
1579,1,Red Spotted
1580,4,Green Spotted
1581,4,Green Spotted
1582,4,Green 2
1583,1,Green Solid
1584,1,Red Spotted
1585,1,Blue -2
1586,1,Green Solid
1587,2,Blue -2
1588,4,Blue -2
1589,1,Green Striped
1590,1,Green Spotted
1591,2,Green Solid
1592,1,Green Spotted
1593,1,Spotted 1
1594,4,Striped -1
1595,4,Green Spotted
1596,2,Green 2
1597,1,Blue -2
1598,2,Green Solid
1599,4,Blue -2
1600,2,Striped -1
1601,4,Blue -2
1602,1,Green Striped
1603,1,Green Spotted
1604,1,Green Spotted
1605,4,Blue -2
1606,2,Striped -1
1607,2,Green 2
1608,4,Green 2
1609,4,Green 2
1610,1,Green Spotted
1611,1,Green Solid
1612,4,Green 2
1613,1,Green Spotted
1614,2,Blue -2
1615,1,Green Spotted
1616,2,Green 2
1617,1,Green Spotted
1618,4,Green 2
1619,2,Spotted 1
1620,2,Striped -1
1621,4,Spotted 1
1622,1,Green Solid
1623,4,Green 2
1624,2,Green Striped
1625,1,Green Spotted
1626,4,Green Spotted
1627,2,Green Spotted
1628,1,Spotted 1
1629,4,Red Spotted
1630,2,Green Spotted
1631,4,Green Spotted
1632,1,Green Spotted
1633,4,Blue Spotted
1634,4,Green Spotted
1635,1,Green Solid
1636,4,Green Solid
1637,1,Green Spotted
1638,1,Green Spotted
1639,2,Green Striped
1640,1,Green Spotted
1641,2,Green Solid
1642,2,Green Striped
1643,1,Green Spotted
1644,4,Red Spotted
1645,4,Green Striped
1646,2,Green Striped
1647,2,Green Solid
1648,1,Green Striped
1649,2,Green Striped
1650,4,Green Spotted
1651,1,Green Solid
1652,1,Green Spotted
1653,4,Red Solid
1654,4,Green 2
1655,2,Green 2
1656,2,Green 2
1657,1,Green Solid
1658,4,Spotted 1
1659,4,Spotted 1
1660,1,Green 2
1661,4,Spotted 1
1662,4,Green Spotted
1663,1,Green Solid
1664,1,Red Striped
1665,2,Green 2
1666,2,Green 2
1667,2,Green 2
1668,2,Red Solid
1669,2,Green Solid
1670,2,Green 2
1671,1,Green Striped
1672,2,Green Solid
1673,1,Green 2
1674,1,Spotted 1
1675,4,Spotted 1
1676,4,Green 2
1677,1,Green Spotted
1678,4,Spotted 1
1679,2,Red Spotted
1680,4,Green 2
1681,1,Solid Green
1682,4,Green 2
1683,2,Green 2
1684,4,Spotted Green
1685,4,Spotted Green
1686,4,Green 2
1687,4,Blue -2
1688,2,Spotted Green
1689,2,Green 2
1690,1,Green 2
1691,1,Blue -2
1692,2,Green 2
1693,2,Blue -2
1694,2,Green 2
1695,4,Blue -2
1696,2,Blue -2
1697,2,Blue -2
1698,2,Spotted Green
1699,2,Green 2
1700,1,Spotted Green
1701,2,Green 2
1702,4,Spotted Green
1703,4,Green 2
1704,1,Spotted Green
1705,1,Spotted Green
1706,4,Green 2
1707,4,Green 2
1708,2,Green 2
1709,4,Green 2
1710,4,Green 2
1711,4,Green 2
1712,1,Spotted Green
1713,2,Green 2
1714,2,Green 2
1715,2,Green 2
1716,2,Green 2
1717,4,Green 2
1718,1,Striped Green
1719,4,Green 2
1720,2,Green 2
1721,2,Green 2
1722,1,Spotted Blue
1723,1,Spotted Red
1724,1,Striped Red
1725,1,Spotted Red
1726,4,Green 2
1727,4,Green 2
1728,4,Green 2
1729,4,Green 2
1730,2,Green 2
1731,4,Green 2
1732,1,Spotted Green
1733,2,Green 2
1734,1,Striped Red
1735,1,Spotted Green
1736,2,Green 2
1737,2,Green 2
1738,2,Blue -2
1739,2,Blue -2
1740,1,Blue -2
1741,1,Blue -2
1742,1,Blue -2
1743,1,Green 2
1744,2,Striped -1
1745,4,Green 2
1746,4,Green 2
1747,2,Blue -2
1748,2,Spotted Green
1749,1,Blue -2
1750,2,Blue -2
1751,1,Green 2
1752,1,Green 2
1753,4,Blue -2
1754,1,Solid Green
1755,1,Blue -2
1756,4,Blue -2
1757,1,Blue -2
1758,4,Blue -2
1759,4,Green 2
1760,4,Blue -2
1761,2,Blue -2
1762,4,Blue -2
1763,4,Blue -2
1764,2,Green 1
1765,4,Spotted Green
1766,1,Spotted Red
1767,1,Spotted Red
1768,2,Spotted Green
1769,4,Spotted 1
1770,4,Spotted Green
1771,2,Solid Green
1772,2,Spotted Green
1773,1,Blue -2
1774,2,Green 1
1775,2,Solid Green
1776,4,Green 2
1777,1,Spotted Green
1778,2,Spotted Green
1779,4,Green 2
1780,4,Green 2
1781,4,Green 2
1782,1,Striped Green
1783,4,Green 2
1784,2,Spotted Green
1785,4,Spotted 2
1786,1,Spotted Green
1787,1,Spotted Green
1788,1,Solid Green
1789,4,Spotted 1
1790,1,Striped Green
1791,2,Spotted 1
1792,4,Spotted Red
1793,1,Green 2
1794,2,Spotted 1
1795,2,Green 2
1796,2,Green 2
1797,2,Blue -2
1798,4,Green 2
1799,1,Striped -1
1800,4,Green 2
1801,4,Blue -2
1802,1,Green 2
1803,2,Striped -1
1804,1,Spotted 1
1805,4,Blue -2
1806,2,Green 2
1807,4,Green 2
1808,2,Striped -1
1809,1,Green 2
1810,1,Spotted 1
1811,4,Spotted 1
1812,4,Green 2
1813,4,Blue -2
1814,1,Green 2
1815,2,Blue -2
1816,1,Spotted 1
1817,4,Spotted 1
1818,1,Spotted 1
1819,2,Spotted 1
1820,2,Green 2
1821,1,Spotted Green
1822,2,Blue -2
1823,4,Blue -2
1824,4,Spotted 1
1825,4,Blue -2
1826,4,Green 2
1827,2,Blue -2
1828,2,Spotted Green
1829,2,Green 2
1830,1,Spotted Green
1831,1,Spotted Red
1832,1,Solid Green
1833,4,Blue -2
1834,2,Green 2
1835,1,Solid Green
1836,1,Spotted Green
1837,4,Striped -1
1838,1,Striped Green
1839,2,Blue -2
1840,4,Blue -2
1841,4,Green 2
1842,1,Spotted Green
1843,4,Green 2
1844,2,Green 2
1845,1,Spotted Green
1846,4,Blue -2
1847,2,Blue -2
1848,4,Spotted Green
1849,2,Spotted Green
1850,1,Spotted Green
1851,1,Spotted 1
1852,4,Green 2
1853,2,Green 2
1854,4,Green 2
1855,2,Spotted Green
1856,4,Spotted Red
1857,4,Spotted Green
1858,2,Green 2
1859,1,Spotted Red
1860,2,Spotted Green
1861,2,Green 2
1862,4,Striped Red
1863,2,Spotted Red
1864,4,Spotted Green
1865,1,Spotted Green
1866,2,Green 2
1867,2,Striped Green
1868,1,Solid Green
1869,1,Solid Green
1870,2,Spotted Green
1871,4,Spotted 1
1872,4,Spotted Green
1873,1,Spotted Red
1874,1,Spotted Green
1875,1,Spotted Green
1876,4,Spotted 1
1877,2,Striped -1
1878,2,Spotted 1
1879,2,Spotted 1
1880,2,Spotted Green
1881,2,Blue -2
1882,4,Green 2
1883,1,Spotted Red
1884,4,Spotted 1
1885,1,Solid Red
1886,1,Solid Green
1887,4,Green 2
1888,4,Blue -2
1889,1,Blue -2
1890,1,Solid Green
1891,1,Striped Green
1892,1,Solid Green
1893,4,Green 2
1894,4,Green 2
1895,2,Blue -2
1896,2,Green 2
1897,2,Blue -2
1898,2,Green 2
1899,4,Green 2
1900,4,Green 2
1901,4,Green 2
1902,1,Solid Green
1903,1,Spotted Green
1904,4,Green 2
1905,2,Spotted 1
1906,2,Green 2
1907,2,Spotted Green
1908,4,Green 2
1909,4,Spotted Green
1910,1,Blue -2
1911,2,Blue -2
1912,1,Green 2
1913,1,Green 2
1914,4,Green 2
1915,2,Striped -1
1916,1,Spotted Green
1917,1,Green 2
1918,2,Spotted Green
1919,4,Blue -2
1920,1,Green 2
1921,2,Spotted 1
1922,1,Spotted Red
1923,2,Spotted Green
1924,4,Spotted 1
1925,1,Spotted 1
1926,1,Spotted 1
1927,2,Striped -1
1928,4,Spotted 1
1929,4,Striped -1
1930,4,Spotted Green
1931,1,Solid Red
1932,1,Green Solid
1933,2,Green Solid
1934,4,Green Striped
1935,2,Green Striped
1936,4,Striped -1
1937,2,Green Striped
1938,1,Green Spotted
1939,1,Spotted 1
1940,4,Green Spotted
1941,2,Green Striped
1942,2,Green Spotted
1943,4,Striped -1
1944,1,Green Striped
1945,4,Spotted 1
1946,1,Green Striped
1947,2,Green Spotted
1948,1,Green Striped
1949,1,Green Striped
1950,4,Spotted 1
1951,1,Green Spotted
1952,2,Spotted 1
1953,4,Spotted 1
1954,1,Green Striped
1955,1,Green Spotted
1956,4,Spotted 1
1957,4,Spotted 1
1958,2,Spotted 1
1959,4,Spotted 1
1960,2,Blue -2
1961,2,Green 2
1962,1,Striped Green
1963,4,Green 2
1964,4,Green 2
1965,1,Spotted Green
1966,4,Spotted 1
1967,4,Blue -2
1968,2,Green 2
1969,4,Green 2
1970,4,Green 2
1971,1,Spotted Green
1972,2,Striped -1
1973,4,Green 2
1974,1,Striped Green
1975,1,Solid Green
1976,2,Green 2
1977,4,Blue -2
1978,2,Blue -2
1979,1,Solid Green
1980,4,Green 2
1981,2,Green 2
1982,4,Green 2
1983,1,Solid Green
1984,2,Blue -2
1985,2,Green 2
1986,1,Solid Green
1987,1,Spotted Green
1988,1,Solid Red
1989,4,Green 2
1990,4,Spotted Green
1991,1,Striped Green
1992,2,Green 2
1993,2,Green 2
1994,2,Spotted Green
1995,4,Green 2
1996,4,Green 2
1997,1,Solid Red
1998,4,Green 2
1999,2,Striped Red
2000,1,Striped Green
2001,1,Spotted Green
2002,1,Spotted Blue
2003,4,Spotted 1
2004,1,Striped Green
2005,1,Solid Green
2006,4,Green 2
2007,2,Green 2
2008,4,Green 2
2009,1,Spotted Green
2010,2,Spotted Red
2011,2,Green 2
2012,2,Solid Red
2013,2,Green 2
2014,2,Green 2
2015,4,Spotted 1
2016,1,Green 2
2017,1,Green 2
2018,2,Green 2
2019,4,Green 2
2020,2,Green 2
2021,1,Spotted 1
2022,1,Striped -1
2023,4,Green 2
2024,2,Blue -2
2025,4,Green 2
2026,2,Green 2
2027,2,Green 2
2028,1,Spotted 1
2029,2,Green 2
2030,1,Green 2
2031,2,Green 2
2032,4,Green 2
2033,4,Blue -2
2034,4,Green 2
2035,2,Green 2
2036,2,Green 2
2037,1,Blue -2
2038,1,Blue -2
2039,4,Green 2
2040,1,Blue -2
2041,4,Green 2
2042,1,Green 2
2043,4,Blue -2
2044,2,Red Spotted
2045,4,Green Spotted
2046,1,Green 2
2047,1,Green 2
2048,1,Blue -2
2049,2,Green 2
2050,2,Green 2
2051,4,Green 2
2052,4,Striped -1
2053,1,Green 2
2054,4,Green 2
2055,4,Green 2
2056,1,Striped -1
2057,4,Blue -2
2058,2,Green 2
2059,2,Blue -2
2060,2,Blue -2
2061,1,Blue -2
2062,4,Red Spotted
2063,1,Green 2
2064,1,Green 2
2065,1,Green 2
2066,4,Green 2
2067,4,Green 2
2068,2,Green 2
2069,2,Green 2
2070,2,Green 2
2071,2,Green 2
2072,2,Green 2
2073,2,Green 2
2074,4,Red Spotted
2075,4,Green Spotted
2076,1,Green 2
2077,2,Green Spotted
2078,1,Green Spotted
2079,4,Green Spotted
2080,2,Green Spotted
2081,4,Green 2
2082,1,Green 2
2083,4,Green Spotted
2084,1,Green 2
2085,1,Green Spotted
2086,4,Green Solid
2087,2,Spotted 1
2088,2,Green Spotted
2089,4,Green 2
2090,1,Green Striped
2091,1,Green Spotted
2092,2,Spotted 1
2093,2,Green Spotted
2094,4,Green 2
2095,2,Green Spotted
2096,4,Green 2
2097,1,Green Solid
2098,4,Green Spotted
2099,1,Green 2
2100,4,Green 2
2101,2,Solid Green
2102,4,Green 2
2103,4,Green 2
2104,4,Green 2
2105,4,Green 2
2106,2,Spotted Green
2107,4,Green 2
2108,4,Green 2
2109,1,Spotted Green
2110,1,Solid Green
2111,1,Spotted Green
2112,2,Spotted 1
2113,1,Striped Green
2114,1,Striped Green
2115,1,Spotted Green
2116,1,Striped Green
2117,2,Spotted 1
2118,4,Green 2
2119,2,Green 2
2120,2,Green 2
2121,1,Solid Green
2122,2,Green 2
2123,2,Green 2
2124,1,Spotted Green
2125,4,Green 2
2126,2,Green 2
2127,2,Spotted 1
2128,4,Blue -2
2129,2,Green 2
2130,2,Green 2
2131,4,Green 2
2132,2,Green Spotted
2133,4,Green 1
2134,1,Green Spotted
2135,4,Green 2
2136,1,Green Spotted
2137,4,Green 2
2138,1,Red Solid
2139,1,Red Spotted
2140,1,Red Solid
2141,4,Green 2
2142,1,Red Solid
2143,1,Green Spotted
2144,2,Green 2
2145,4,Green 1
2146,2,Blue -2
2147,1,Red Spotted
2148,1,Green Spotted
2149,2,Green 2
2150,2,Green 1
2151,4,Green 1
2152,2,Green 2
2153,4,Green 2
2154,2,Green 1
2155,1,Green Solid
2156,1,Spotted Red
2157,4,Green 2
2158,4,Blue -2
2159,2,Solid Green
2160,4,Spotted Green
2161,2,Blue -2
2162,1,Solid Green
2163,4,Spotted Green
2164,1,Spotted Green
2165,2,Blue -2
2166,2,Spotted Green
2167,1,Spotted Red
2168,2,Spotted Green
2169,1,Solid Green
2170,1,Solid Green
2171,1,Striped Green
2172,4,Blue -2
2173,2,Green 2
2174,2,Spotted Green
2175,4,Green 2
2176,2,Green 2
2177,1,Solid Red
2178,4,Green 2
2179,4,Green 2
2180,2,Spotted Green
2181,1,Spotted Green
2182,4,Green 2
2183,1,Spotted Red
2184,2,Green 2
2185,1,Red Spotted
2186,1,Green Spotted
2187,2,Green 2
2188,1,Red Spotted
2189,4,Green 2
2190,4,Blue -2
2191,2,Green 2
2192,2,Blue -2
2193,4,Green 2
2194,4,Blue -2
2195,2,Green 2
2196,2,Blue -2
2197,2,Blue -2
2198,1,Green Spotted
2199,2,Green 2
2200,4,Green 2
2201,4,Blue -2
2202,4,Blue -2
2203,1,Red Solid
2204,2,Blue -2
2205,1,Striped -1
2206,4,Blue -2
2207,1,Green Striped
2208,2,Green 2
2209,4,Green 2
2210,1,Green Solid
2211,1,Red Spotted
2212,1,Solid Green
2213,4,Solid Green
2214,1,Spotted 1
2215,2,Striped Green
2216,1,Green 2
2217,1,Solid Red
2218,4,Spotted Red
2219,2,Spotted 1
2220,1,Spotted Green
2221,4,Solid Green
2222,1,Striped -1
2223,2,Green 2
2224,4,Spotted Green
2225,2,Spotted Green
2226,2,Solid Green
2227,4,Green 2
2228,2,Spotted 1
2229,2,Spotted Green
2230,4,Spotted Green
2231,2,Striped Green
2232,2,Spotted Green
2233,1,Solid Green
2234,4,Green 2
2235,1,Spotted Green
2236,4,Solid Red
2237,4,Striped Green
2238,2,Spotted Green
2239,1,Solid Green
2240,2,Red Solid
2241,4,Green Solid
2242,4,Green Solid
2243,1,Green Spotted
2244,1,Red Spotted
2245,4,Red Solid
2246,2,Green Solid
2247,2,Red Solid
2248,4,Red Spotted
2249,1,Green Spotted
2250,2,Green Spotted
2251,4,Green Solid
2252,1,Green Solid
2253,4,Green Spotted
2254,2,Green Spotted
2255,4,Red Spotted
2256,4,Red Spotted
2257,1,Green Solid
2258,2,Green Spotted
2259,1,Green Solid
2260,1,Green Spotted
2261,1,Green Striped
2262,2,Green Solid
2263,1,Green Solid
2264,4,Green Spotted
2265,2,Green Striped
2266,1,Green Striped
2267,2,Green Solid
2268,2,Spotted Green
2269,4,Blue -2
2270,1,Spotted Green
2271,4,Blue -2
2272,1,Spotted Green
2273,1,Solid Red
2274,4,Blue -2
2275,1,Striped Green
2276,2,Solid Green
2277,2,Spotted Green
2278,4,Blue -2
2279,4,Blue -2
2280,1,Solid Red
2281,2,Spotted Green
2282,4,Blue -2
2283,1,Striped Green
2284,1,Blue -2
2285,4,Spotted Green
2286,1,Spotted Red
2287,4,Spotted Green
2288,2,Solid Green
2289,2,Blue -2
2290,2,Spotted Green
2291,2,Spotted Red
2292,4,Spotted Green
2293,1,Green 1
2294,1,Solid Green
2295,4,Solid Green
2296,2,Green Striped
2297,1,Green Spotted
2298,4,Green 2
2299,2,Striped -1
2300,4,Green 2
2301,2,Striped -1
2302,4,Striped -1
2303,4,Spotted 1
2304,1,Spotted 1
2305,1,Blue -2
2306,2,Green 2
2307,1,Green 2
2308,2,Spotted 1
2309,2,Green 2
2310,2,Green 2
2311,4,Striped -1
2312,2,Green 2
2313,4,Green 2
2314,2,Green 2
2315,4,Green 2
2316,1,Spotted 1
2317,1,Green 2
2318,2,Spotted 1
2319,1,Spotted 1
2320,4,Green 2
2321,4,Green 2
2322,1,Spotted 1
2323,1,Spotted 1
2324,1,Spotted Green
2325,1,Spotted Green
2326,2,Spotted Green
2327,1,Striped Green
2328,2,Spotted Green
2329,2,Solid Red
2330,4,Spotted Green
2331,2,Solid Green
2332,4,Solid Green
2333,4,Striped Green
2334,4,Solid Blue
2335,1,Green 1
2336,4,Spotted Blue
2337,4,Spotted Red
2338,4,Spotted 2
2339,1,Spotted Green
2340,4,Solid Blue
2341,1,Spotted Blue
2342,1,Spotted Red
2343,4,Solid Blue
2344,2,Spotted Green
2345,2,Striped Blue
2346,4,Striped Blue
2347,1,Spotted Green
2348,1,Striped Green
2349,2,Solid Red
2350,2,Striped Green
2351,2,Spotted Red
2352,2,Spotted Green
2353,2,Spotted Green
2354,4,Green 2
2355,4,Green 2
2356,2,Blue -2
2357,4,Blue -2
2358,1,Solid Red
2359,2,Solid Green
2360,1,Spotted 1
2361,4,Blue -2
2362,4,Blue -2
2363,2,Spotted Green
2364,1,Spotted Red
2365,1,Solid Green
2366,4,Green 2
2367,2,Blue -2
2368,1,Solid Green
2369,4,Blue -2
2370,2,Blue -2
2371,1,Spotted Red
2372,1,Solid Green
2373,2,Solid Green
2374,4,Blue -2
2375,4,Spotted 1
2376,2,Spotted Green
2377,1,Striped Green
2378,1,Solid Green
2379,2,Blue -2
2380,2,Green Spotted
2381,4,Green Solid
2382,1,Blue Spotted
2383,1,Green Striped
2384,4,Green 2
2385,1,Green Spotted
2386,2,Green 2
2387,2,Green Solid
2388,2,Green Spotted
2389,4,Green Spotted
2390,4,Spotted 1
2391,4,Green Spotted
2392,2,Red Spotted
2393,2,Green Spotted
2394,4,Green 2
2395,1,Red Spotted
2396,1,Green Solid
2397,4,Green 2
2398,2,Green Spotted
2399,1,Spotted 1
2400,2,Green 2
2401,1,Red Striped
2402,1,Green Spotted
2403,1,Green Spotted
2404,2,Spotted 1
2405,1,Green Solid
2406,4,Green Striped
2407,4,Spotted 1
2408,2,Green 2
2409,2,Green 2
2410,1,Spotted 1
2411,1,Green Spotted
2412,4,Spotted 1
2413,4,Green 2
2414,1,Green 2
2415,1,Green Spotted
2416,4,Spotted 1
2417,4,Green 2
2418,4,Green 2
2419,1,Red Solid
2420,2,Spotted 1
2421,2,Green 2
2422,1,Green 2
2423,1,Green 2
2424,4,Green 2
2425,4,Green 2
2426,2,Spotted 1
2427,2,Green 2
2428,1,Green 2
2429,4,Green 2
2430,4,Spotted 1
2431,2,Green 2
2432,2,Green 2
2433,1,Green 2
2434,1,Green 2
2435,2,Green 2
2436,1,Spotted Green
2437,2,Spotted Green
2438,2,Striped -1
2439,1,Striped Green
2440,1,Striped Green
2441,1,Spotted Green
2442,2,Spotted 2
2443,4,Spotted Green
2444,1,Green 1
2445,4,Spotted Green
2446,1,Spotted Green
2447,4,Green 1
2448,2,Striped Green
2449,2,Striped Green
2450,4,Solid Green
2451,1,Striped Green
2452,4,Solid Green
2453,2,Spotted Green
2454,2,Spotted Red
2455,1,Spotted Green
2456,4,Spotted Green
2457,4,Spotted Green
2458,2,Solid Green
2459,1,Solid Green
2460,4,Striped Green
2461,2,Spotted Red
2462,1,Striped Green
2463,4,Striped Green
2464,1,Green Spotted
2465,2,Blue -2
2466,4,Green 2
2467,2,Green 2
2468,1,Green Striped
2469,4,Green 2
2470,1,Green Solid
2471,4,Blue -2
2472,1,Green Spotted
2473,4,Blue -2
2474,2,Green 2
2475,4,Blue -2
2476,1,Red Striped
2477,1,Green Solid
2478,2,Blue -2
2479,4,Green 2
2480,2,Green 2
2481,1,Green Solid
2482,4,Green 2
2483,4,Green 2
2484,2,Blue -2
2485,2,Green 2
2486,2,Green 2
2487,2,Green 2
2488,1,Red Spotted
2489,1,Green Striped
2490,4,Green 2
2491,1,Red Solid
2492,1,Spotted Green
2493,1,Spotted Green
2494,2,Green 2
2495,1,Striped Green
2496,4,Green 2
2497,2,Green 2
2498,2,Spotted 1
2499,4,Spotted 1
2500,1,Spotted Green
2501,1,Solid Green
2502,1,Spotted Green
2503,4,Green 2
2504,2,Green 2
2505,2,Green 2
2506,1,Spotted Green
2507,4,Green 2
2508,2,Green 2
2509,1,Spotted Green
2510,1,Striped Green
2511,4,Spotted 1
2512,4,Spotted 1
2513,2,Green 2
2514,2,Green 2
2515,4,Green 2
2516,4,Green 2
2517,2,Green 2
2518,2,Green 2
2519,4,Spotted 1
2520,1,Green 2
2521,2,Spotted 1
2522,4,Solid Red
2523,2,Blue -2
2524,4,Spotted 1
2525,2,Striped -1
2526,2,Spotted Red
2527,4,Blue -2
2528,1,Blue -2
2529,4,Green 2
2530,1,Striped -1
2531,1,Striped -1
2532,4,Solid Green
2533,1,Green 2
2534,2,Striped -2
2535,2,Green 2
2536,2,Green 2
2537,1,Striped -1
2538,2,Green 2
2539,4,Spotted Green
2540,2,Green 2
2541,1,Spotted 1
2542,4,Blue -2
2543,4,Blue -2
2544,1,Green 2
2545,4,Spotted 1
2546,1,Blue -2
2547,1,Green 2
2548,4,Blue -2
2549,2,Blue -2
2550,1,Red Solid
2551,1,Red Spotted
2552,2,Green Spotted
2553,2,Red Solid
2554,1,Red Striped
2555,2,Red Striped
2556,1,Green Solid
2557,1,Red Solid
2558,2,Green Solid
2559,4,Green Spotted
2560,2,Green Spotted
2561,2,Green Solid
2562,1,Green Spotted
2563,4,Red Solid
2564,1,Red Solid
2565,4,Blue Spotted
2566,4,Green Striped
2567,4,Green Solid
2568,1,Green Solid
2569,2,Green Spotted
2570,2,Green Solid
2571,2,Red Solid
2572,1,Green Solid
2573,4,Green Striped
2574,4,Green Striped
2575,4,Green Spotted
2576,1,Spotted Green
2577,2,Striped Green
2578,4,Striped Green
2579,4,Spotted 1
2580,1,Solid Green
2581,1,Solid Green
2582,2,Spotted Green
2583,4,Spotted Green
2584,4,Striped -1
2585,1,Spotted Red
2586,1,Solid Green
2587,1,Spotted Green
2588,2,Spotted Red
2589,1,Spotted Green
2590,4,Spotted Green
2591,4,Striped Green
2592,4,Spotted Red
2593,1,Spotted Green
2594,2,Spotted 1
2595,1,Solid Green
2596,2,Spotted Green
2597,4,Striped 1
2598,2,Spotted Green
2599,2,Spotted Green
2600,4,Spotted Green
2601,4,Spotted Green
2602,2,Spotted Green
2603,2,Blue -2
2604,4,Blue -2
2605,1,Spotted Green
2606,4,Blue -2
2607,1,Striped Green
2608,2,Spotted Green
2609,1,Green 2
2610,2,Spotted 1
2611,4,Green 2
2612,1,Solid Red
2613,2,Blue -2
2614,1,Solid Green
2615,2,Spotted 1
2616,1,Spotted Green
2617,1,Spotted Red
2618,4,Spotted Green
2619,4,Blue -2
2620,1,Solid Green
2621,2,Striped -1
2622,4,Green 2
2623,2,Blue -2
2624,2,Blue -2
2625,4,Green 2
2626,2,Green 2
2627,2,Blue -2
2628,1,Striped Red
2629,2,Spotted 1
2630,4,Blue -2
2631,4,Blue -2
2632,1,Green 2
2633,4,Blue Spotted
2634,4,Green Spotted
2635,4,Green Solid
2636,2,Green Spotted
2637,4,Red Striped
2638,4,Green Striped
2639,1,Green Solid
2640,1,Green Striped
2641,1,Green Spotted
2642,1,Green Solid
2643,2,Red Solid
2644,4,Green Spotted
2645,4,Red Solid
2646,4,Red Spotted
2647,2,Green Spotted
2648,4,Spotted 1
2649,1,Green 2
2650,1,Red Spotted
2651,4,Green Striped
2652,1,Green Striped
2653,1,Spotted 1
2654,2,Green Spotted
2655,4,Green Striped
2656,4,Green Striped
2657,1,Green Solid
2658,2,Green Solid
2659,2,Red Spotted
2660,2,Green 1
2661,1,Spotted Green
2662,1,Striped Green
2663,4,Spotted 1
2664,4,Blue -2
2665,4,Green 2
2666,4,Spotted 1
2667,4,Spotted 1
2668,4,Green 1
2669,1,Solid Green
2670,2,Blue -2
2671,2,Green 2
2672,4,Blue -2
2673,2,Blue -2
2674,2,Green 2
2675,1,Spotted Green
2676,4,Blue -2
2677,1,Spotted Red
2678,2,Green 2
2679,1,Striped Green
2680,1,Solid Green
2681,4,Blue -2
2682,4,Green 2
2683,1,Spotted Red
2684,1,Solid Red
2685,2,Green 2
2686,2,Green 2
2687,2,Green 2
2688,2,Green Spotted
2689,1,Spotted 1
2690,4,Blue -2
2691,2,Striped -2
2692,2,Blue -2
2693,1,Striped -2
2694,1,Blue -2
2695,4,Green Solid
2696,1,Green Spotted
2697,1,Green Striped
2698,2,Blue -2
2699,1,Blue -2
2700,4,Red Spotted
2701,1,Green Spotted
2702,2,Green 2
2703,2,Spotted 1
2704,1,Green 2
2705,2,Green 2
2706,4,Blue Spotted
2707,2,Green Spotted
2708,4,Green Spotted
2709,4,Green 2
2710,4,Red Spotted
2711,1,Spotted 1
2712,2,Green 2
2713,4,Blue -2
2714,1,Green Spotted
2715,4,Green Spotted
2716,2,Green 2
2717,4,Green 2
2718,2,Blue -2
2719,4,Blue -2
2720,1,Spotted Green
2721,4,Blue -2
2722,2,Green 2
2723,1,Green 2
2724,1,Spotted Red
2725,4,Green 2
2726,1,Green 2
2727,1,Spotted Green
2728,1,Blue -2
2729,4,Green 2
2730,1,Spotted Red
2731,2,Green 2
2732,1,Solid Green
2733,2,Blue -2
2734,4,Green 2
2735,1,Spotted Green
2736,2,Green 2
2737,4,Green 2
2738,4,Blue -2
2739,4,Blue -2
2740,4,Green 2
2741,2,Green 2
2742,2,Blue -2
2743,2,Blue -2
2744,1,Blue -2
2745,4,Green 2
2746,1,Green 2
2747,2,Striped -1
2748,2,Green 2
2749,1,Red Solid
2750,4,Green 2
2751,1,Green Solid
2752,1,Green Solid
2753,2,Green 2
2754,1,Green Striped
2755,1,Green Spotted
2756,2,Striped -1
2757,2,Green 2
2758,1,Green Solid
2759,4,Green 2
2760,4,Green 2
2761,2,Green 2
2762,4,Striped -1
2763,2,Green 2
2764,2,Green 2
2765,4,Green 2
2766,4,Striped -1
2767,4,Green 2
2768,1,Red Spotted
2769,1,Red Spotted
2770,4,Green 2
2771,2,Green 2
